id,user_id,title,slug,phone,phone_owner,website,screenshot_file_id,favicon_file_id,description,primary_image_url,address_line_1,address_line_2,city,state,postal_code,country,latitude,longitude,employees,yelp_url,created_at,updated_at
1,,Millcreek Veterinary Clinic,millcreek-veterinary-clinic,(801) 487-7791,(435) 649-0710,http://millcreekveterinaryclinic.com,1,,,,2361 E 3300th S,,Salt Lake City,UT,84109,US,40.70012520,-111.82306800,10 to 19,https://www.yelp.com/biz/millcreek-veterinary-clinic-salt-lake-city,2024-05-03 18:42:45,2024-05-03 21:39:25
2,,Petcare Animal Hospital,petcare-animal-hospital,(801) 302-9061,(801) 634-1971,http://www.petcareanimalhospitalutah.com,2,,,,1173 W S Jordan Pkwy,,South Jordan,UT,84095,US,40.56138840,-111.92633820,20 to 49,https://www.yelp.com/biz/petcare-animal-hospital-south-jordan,2024-05-03 18:42:45,2024-05-03 21:39:26
3,,The Travel Vet,the-travel-vet,(801) 989-4331,,http://www.thetravelvet.com,3,,,,,,Farmington,UT,84025,US,40.98049990,-111.88743920,,https://www.yelp.com/biz/the-travel-vet-farmington,2024-05-03 18:42:45,2024-05-03 21:39:26
4,,Town &amp; Country Veterinary Hospital,town-amp-country-veterinary-hospital,(801) 328-8543,(415) 857-0651,http://www.tcvh.com,4,,,,1220 S State St,,Salt Lake City,UT,84111,US,40.74229850,-111.88861580,5 to 9,https://www.yelp.com/biz/town-and-country-veterinary-hospital-salt-lake-city,2024-05-03 18:42:45,2024-05-03 21:39:28
5,,Neighborhood Veterinary Care,neighborhood-veterinary-care,(801) 281-8387,,https://www.nvetcare.com,5,,,,887 E Vine St,,Murray,UT,84107,US,40.65444350,-111.87087590,10 to 19,https://www.yelp.com/biz/neighborhood-veterinary-care-murray,2024-05-03 18:42:45,2024-05-03 21:39:30
6,,Lap of Love - The Wasatch Front,lap-of-love-the-wasatch-front,(801) 396-0368,,https://www.lapoflove.com,6,,,,,,Salt Lake City,UT,84101,US,,,,https://www.yelp.com/biz/lap-of-love-the-wasatch-front-salt-lake-city,2024-05-03 18:42:45,2024-05-03 21:39:32
7,,Major Street Pet Services,major-street-pet-services,(801) 487-2814,,http://www.majorstreetpetservices.com,7,,,,1727 Major St,,Salt Lake City,UT,84115,US,40.73286070,-111.88934950,,https://www.yelp.com/biz/major-street-pet-services-salt-lake-city,2024-05-03 18:42:45,2024-05-03 21:39:34
8,,University Veterinary Hospital &amp; Diagnostic Center,university-veterinary-hospital-amp-diagnostic-center,(801) 596-9005,,https://www.uvhdc.com,8,,,,952 E 900th S,,Salt Lake City,UT,84105,US,40.74956740,-111.86370950,20 to 49,https://www.yelp.com/biz/university-veterinary-hospital-and-diagnostic-center-salt-lake-city,2024-05-03 18:42:45,2024-05-03 21:39:36
9,,Holladay Veterinary Hospital,holladay-veterinary-hospital,(801) 272-5557,(801) 278-2859,https://www.holladayveterinaryhospital.com,9,,,,4732 S Highland Dr,,Salt Lake City,UT,84117,US,40.66710630,-111.84002060,20 to 49,https://www.yelp.com/biz/holladay-veterinary-hospital-salt-lake-city-2,2024-05-03 18:42:45,2024-05-03 21:39:38
10,,Pet Emergency Room,pet-emergency-room,(801) 278-3367,,,,,,,6360 Highland Dr,,Salt Lake City,UT,84121,US,40.63590010,-111.83502540,,https://www.yelp.com/biz/pet-emergency-room-salt-lake-city,2024-05-03 18:42:45,2024-05-03 18:43:02
11,,Pet Loss At Home - Home Euthanasia Vets,pet-loss-at-home-home-euthanasia-vets,(877) 219-4811,,http://www.PetLossAtHome.com,10,,,,,,Salt Lake City,UT,84098,US,40.76077930,-111.89104740,,https://www.yelp.com/biz/pet-loss-at-home-home-euthanasia-vets-salt-lake-city,2024-05-03 18:42:45,2024-05-03 21:39:40
12,,East Valley Veterinary Clinic,east-valley-veterinary-clinic,(801) 467-0661,,https://www.eastvalleyveterinaryclinic.com,11,,,,2675 Parleys Way,,Salt Lake City,UT,84109,US,40.71975180,-111.81516000,20 to 49,https://www.yelp.com/biz/east-valley-veterinary-clinic-salt-lake-city-2,2024-05-03 18:42:45,2024-05-03 21:39:42
13,,Olympus Cove Veterinary Clinic,olympus-cove-veterinary-clinic,(801) 485-6060,,http://www.olympuscovevet.com,12,,,,3243 E 3300th S,,Salt Lake City,UT,84109,US,40.70060950,-111.80357310,,https://www.yelp.com/biz/olympus-cove-veterinary-clinic-salt-lake-city,2024-05-03 18:42:45,2024-05-03 21:39:44
14,,Riverton Veterinary Hospital,riverton-veterinary-hospital,(801) 254-6621,,,,,,,2789 W 12600th S,,Riverton,UT,84065,US,40.52193080,-111.95954400,20 to 49,https://www.yelp.com/biz/riverton-veterinary-hospital-riverton,2024-05-03 18:42:45,2024-05-03 18:47:45
15,,Hillside Veterinary Hospital,hillside-veterinary-hospital,(801) 943-2154,,http://www.hillsidevet.com,13,,,,7054 S 2300th E,,Cottonwood Heights,UT,84121,US,40.62302120,-111.82524350,,https://www.yelp.com/biz/hillside-veterinary-hospital-cottonwood-heights-2,2024-05-03 18:42:45,2024-05-03 21:39:47
16,,Advanced Veterinary Care,advanced-veterinary-care,(801) 942-3951,(208) 346-2542,https://www.thrivepetcare.com,14,,,,1021 E 3300 S,,Millcreek,UT,84106,US,40.70021700,-111.86204330,1 to 4,https://www.yelp.com/biz/advanced-veterinary-care-millcreek,2024-05-03 18:42:45,2024-05-03 21:39:48
17,,Red Butte Veterinary Care,red-butte-veterinary-care,(801) 583-1340,,http://www.redbuttevet.com,15,,,,1340 S 2100th E,,Salt Lake City,UT,84108,US,40.74074160,-111.83107760,5 to 9,https://www.yelp.com/biz/red-butte-veterinary-care-salt-lake-city,2024-05-03 18:42:45,2024-05-03 21:39:49
18,,VCA Cottonwood Animal Hospital,vca-cottonwood-animal-hospital,(801) 278-0505,,https://vcahospitals.com,16,,,,6360 Highland Dr,,Salt Lake City,UT,84121,US,40.63590010,-111.83502540,,https://www.yelp.com/biz/vca-cottonwood-animal-hospital-salt-lake-city-3,2024-05-03 18:42:45,2024-05-03 21:39:51
19,,Pet Stop Veterinary Clinic,pet-stop-veterinary-clinic,(801) 531-0662,,https://petstopvet.com,17,,,,44 N 800th W,,Salt Lake City,UT,84116,US,40.77060190,-111.91356680,1 to 4,https://www.yelp.com/biz/pet-stop-veterinary-clinic-salt-lake-city,2024-05-03 18:42:45,2024-05-03 21:39:52
20,,Brickyard Animal Hospital,brickyard-animal-hospital,(801) 486-0123,,https://www.brickyardanimal.com,18,,,,1213 E 3300th S,,Salt Lake City,UT,84106,US,40.70017520,-111.85709140,10 to 19,https://www.yelp.com/biz/brickyard-animal-hospital-salt-lake-city,2024-05-03 18:42:45,2024-05-03 21:39:53
21,,Canyons Veterinary Clinic,canyons-veterinary-clinic,(801) 448-6263,,https://canyonsveterinaryclinic.com,19,,,,1930 E Fort Union Blvd,,Holladay,UT,84121,US,40.62408560,-111.83635790,,https://www.yelp.com/biz/canyons-veterinary-clinic-cottonwood-heights,2024-05-03 18:42:45,2024-05-03 21:39:56
22,,Avenues Pet Clinic,avenues-pet-clinic,(801) 364-3475,(801) 541-6893,http://avenuespetclinicslc.com,20,,,,350 E 100th S,,Salt Lake City,UT,84111,US,40.76686650,-111.88072970,10 to 19,https://www.yelp.com/biz/avenues-pet-clinic-salt-lake-city,2024-05-03 18:42:45,2024-05-03 21:39:58
23,,Murray Animal Hospital,murray-animal-hospital,(801) 281-3900,,,,,,,280 W 4800th S,,Murray,UT,84107,US,40.66689160,-111.88799090,,https://www.yelp.com/biz/murray-animal-hospital-murray-3,2024-05-03 18:42:45,2024-05-03 18:43:20
24,,A Gentle Vet,a-gentle-vet,(801) 968-9932,(801) 400-0614,http://www.agentlevet.com,21,,,,3694 W 9800th S,,South Jordan,UT,84009,US,40.57376020,-111.97835530,10 to 19,https://www.yelp.com/biz/a-gentle-vet-south-jordan,2024-05-03 18:42:45,2024-05-03 21:39:59
25,,Sugar House Veterinary Hospital,sugar-house-veterinary-hospital,(801) 487-9981,,http://www.sugarhousevet.com,22,,,,2206 S McClelland St,,Salt Lake City,UT,84106,US,40.72290810,-111.86134300,20 to 49,https://www.yelp.com/biz/sugar-house-veterinary-hospital-salt-lake-city,2024-05-03 18:42:45,2024-05-03 21:40:01
26,,VCA Lakeview Animal Hospital,vca-lakeview-animal-hospital,(801) 298-2314,,https://vcahospitals.com,23,,,,1975 South Orchard Drive,,Bountiful,UT,84010,US,40.86849960,-111.87751140,10 to 19,https://www.yelp.com/biz/vca-lakeview-animal-hospital-bountiful,2024-05-03 18:42:45,2024-05-03 21:40:03
27,,Animal Care Center,animal-care-center,(801) 683-3647,,https://www.thrivepetcare.com,24,,,,698 W 500th S,,Woods Cross,UT,84087,US,40.88465680,-111.89873630,20 to 49,https://www.yelp.com/biz/animal-care-center-woods-cross,2024-05-03 18:42:45,2024-05-03 21:40:05
28,,Salt Lake Veterinary Services,salt-lake-veterinary-services,(801) 261-3655,,http://saltlakevetservices.com,25,,,,1114 W 4800th S,,Taylorsville,UT,84123,US,40.66770040,-111.93881590,,https://www.yelp.com/biz/salt-lake-veterinary-services-taylorsville-4,2024-05-03 18:42:45,2024-05-03 21:40:07
29,,Animal Health VIPS - Vet Integrative &amp; Performance Specialists,animal-health-vips-vet-integrative-amp-performance-specialists,(435) 647-0807,,http://www.animalhealthvips.com,26,,,,3070 Rasmussen Rd,Ste 80,Park City,UT,84098,US,40.75526190,-111.57005640,5 to 9,https://www.yelp.com/biz/animal-health-vips-vet-integrative-and-performance-specialists-park-city,2024-05-03 18:42:45,2024-05-03 21:40:08
30,,VCA All Pet Animal Hospital/Taylorsville,vca-all-pet-animal-hospitaltaylorsville,(801) 966-4700,,https://vcahospitals.com,27,,,,2530 W 4700 S,Ste B1,Taylorsville,UT,84129,US,40.66789640,-111.95472260,20 to 49,https://www.yelp.com/biz/vca-all-pet-animal-hospital-taylorsville-taylorsville-2,2024-05-03 18:42:45,2024-05-03 21:40:10
31,,Hunter Animal Hospital,hunter-animal-hospital,(801) 968-0123,(727) 710-0473,https://www.hunteranimalhospitalut.com,28,,,,5246 W 3500th S,,West Valley City,UT,84120,US,40.69696960,-112.01639730,20 to 49,https://www.yelp.com/biz/hunter-animal-hospital-west-valley-city,2024-05-03 18:42:45,2024-05-03 21:40:12
32,,Midvalley Animal Clinic,midvalley-animal-clinic,(801) 269-1213,,http://www.midvalleyanimalclinic.com,29,,,,6047 S Redwood Rd,,Salt Lake City,UT,84123,US,40.64138380,-111.93778770,20 to 49,https://www.yelp.com/biz/midvalley-animal-clinic-salt-lake-city,2024-05-03 18:42:45,2024-05-03 21:40:14
33,,BluePearl - Midvale,bluepearl-midvale,(801) 871-0600,(813) 549-6990,https://bluepearlvet.com,30,,,,308 W 7200th S,,Midvale,UT,84047,US,40.62113350,-111.90031610,20 to 49,https://www.yelp.com/biz/bluepearl-midvale-midvale-2,2024-05-03 18:42:45,2024-05-03 21:40:16
34,,VCA Powder Paws Animal Hospital,vca-powder-paws-animal-hospital,(435) 649-1221,,https://vcahospitals.com,31,,,,2780 Rasmussen Rd B6,Unit B6,Park City,UT,84098,US,40.74789790,-111.56439040,,https://www.yelp.com/biz/vca-powder-paws-animal-hospital-park-city-2,2024-05-03 18:42:45,2024-05-03 21:40:18
35,,Utah Dog Park- Salt Lake City,utah-dog-park-salt-lake-city,(801) 294-5960,,https://www.thrivepetcare.com,32,,,,1977 W North Temple,,Salt Lake City,UT,84116,US,40.77109210,-111.94768720,5 to 9,https://www.yelp.com/biz/utah-dog-park-salt-lake-city-salt-lake-city,2024-05-03 18:42:45,2024-05-03 21:40:19
36,,Redwood Veterinary Hospital,redwood-veterinary-hospital,(801) 966-3974,(801) 733-9881,http://www.utahredwoodvet.com,33,,,,4958 S Redwood Rd,,Salt Lake City,UT,84123,US,40.66144210,-111.93944050,10 to 19,https://www.yelp.com/biz/redwood-veterinary-hospital-salt-lake-city,2024-05-03 18:42:45,2024-05-03 21:40:21
37,,Mini Doodle Dogs,mini-doodle-dogs,(801) 989-1705,,https://minidoodledogs.com,34,,,,,,Clinton,UT,84015,US,41.13966600,-112.05049830,,https://www.yelp.com/biz/mini-doodle-dogs-clinton-2,2024-05-03 18:42:45,2024-05-03 21:40:22
38,,Sandy Animal Clinic,sandy-animal-clinic,(801) 566-2410,,http://www.sandyanimalclinic.net,35,,,,10670 S 1300th E,,Sandy,UT,84094,US,40.55747120,-111.85373780,10 to 19,https://www.yelp.com/biz/sandy-animal-clinic-sandy,2024-05-03 18:42:45,2024-05-03 21:40:23
39,,Animal Care Daybreak,animal-care-daybreak,(385) 273-5373,(801) 232-2967,http://animalcaredaybreak.com,36,,,,4696 Daybreak Rim Way,,South Jordan,UT,84095,US,40.54574230,-112.00308940,20 to 49,https://www.yelp.com/biz/animal-care-daybreak-south-jordan,2024-05-03 18:42:45,2024-05-03 21:40:25
40,,MedVet Salt Lake City,medvet-salt-lake-city,(385) 341-4444,,https://www.medvet.com,37,,,,331 W Bearcat Dr,,Salt Lake City,UT,84115,US,40.71915750,-111.90017580,100 to 249,https://www.yelp.com/biz/medvet-salt-lake-city-salt-lake-city,2024-05-03 18:42:45,2024-05-03 21:40:27
41,,Kaysville Veterinary Hospital,kaysville-veterinary-hospital,(801) 444-3770,,http://www.kaysvilleveterinaryhospital.com,38,,,,166 S Main St,,Kaysville,UT,84037,US,41.03225670,-111.93776370,5 to 9,https://www.yelp.com/biz/kaysville-veterinary-hospital-kaysville-3,2024-05-03 18:42:45,2024-05-03 21:40:29
42,,Wilson Veterinary Hospital,wilson-veterinary-hospital,(801) 298-3974,,https://www.wilsonveterinaryhospital.com,39,,,,50 N Highway 89,,North Salt Lake,UT,84054,US,40.84324770,-111.89563940,,https://www.yelp.com/biz/wilson-veterinary-hospital-north-salt-lake,2024-05-03 18:42:45,2024-05-03 21:40:30
43,,West Jordan Veterinary Hospital,west-jordan-veterinary-hospital,(801) 561-9271,,https://www.animalcrackersvet.com,40,,,,7540 S Redwood Rd,,West Jordan,UT,84084,US,40.61448420,-111.93944050,,https://www.yelp.com/biz/west-jordan-veterinary-hospital-west-jordan,2024-05-03 18:42:45,2024-05-03 21:40:32
44,,"Veterinary Technician Services, LLC",veterinary-technician-services-llc,(385) 252-9791,,http://www.veterinarytechnicianservices.com,,,,,3333 S 900th E,Ste 160,Salt Lake City,UT,84106,US,40.69941130,-111.86498530,,https://www.yelp.com/biz/veterinary-technician-services-llc-salt-lake-city,2024-05-03 18:42:45,2024-05-03 18:43:52
45,,Parrish Creek Veterinary Clinic,parrish-creek-veterinary-clinic,(801) 298-2014,,http://www.parrishcreekvet.com,41,,,,86 N 70th W,,Centerville,UT,84014,US,40.91786730,-111.87972830,,https://www.yelp.com/biz/parrish-creek-veterinary-clinic-centerville,2024-05-03 18:42:45,2024-05-03 21:40:33
46,,Spay &amp; Neuter,spay-amp-neuter,(801) 262-6414,,http://www.spayandneuterofslc.com,42,,,,4815 S Center St,,Murray,UT,84107,US,40.66678210,-111.88596970,,https://www.yelp.com/biz/spay-and-neuter-murray,2024-05-03 18:42:45,2024-05-03 21:40:35
47,,Wasatch Springs Animal Hospital,wasatch-springs-animal-hospital,(801) 532-1100,,http://www.saltlakeveterinarian.com,43,,,,855 Beck St,,Salt Lake City,UT,84103,US,40.78798790,-111.90042690,5 to 9,https://www.yelp.com/biz/wasatch-springs-animal-hospital-salt-lake-city,2024-05-03 18:42:45,2024-05-03 21:40:36
48,,Mountain West Veterinary Specialists,mountain-west-veterinary-specialists,(801) 683-6201,,http://www.mtnwestvet.com,44,,,,908 North Main St,,Layton,UT,84041,US,41.07336370,-111.97876560,50 to 99,https://www.yelp.com/biz/mountain-west-veterinary-specialists-layton-2,2024-05-03 18:42:45,2024-05-03 21:40:38
49,,River Valley Veterinary Hospital,river-valley-veterinary-hospital,(801) 829-3632,,http://rivervalleyvets.com,45,,,,395 N 400 E,,Morgan,UT,84050,US,41.04714700,-111.67918360,5 to 9,https://www.yelp.com/biz/river-valley-veterinary-hospital-morgan,2024-05-03 18:42:45,2024-05-03 21:40:39
50,,Tooele Veterinary Clinic,tooele-veterinary-clinic,(435) 882-1051,(435) 882-7379,http://TooeleVetClinic.com,46,,,,1182 N 80th E,,Tooele,UT,84074,US,40.55442210,-112.29533410,5 to 9,https://www.yelp.com/biz/tooele-veterinary-clinic-tooele,2024-05-03 18:42:45,2024-05-03 21:40:42
51,,Humane Society of Utah,humane-society-of-utah,(801) 261-2919,,http://utahhumane.org,47,,,,4242 S 300th W,,Murray,UT,84107,US,40.67960900,-111.90073480,100 to 249,https://www.yelp.com/biz/humane-society-of-utah-murray,2024-05-03 18:42:45,2024-05-03 21:40:43
52,,VCA Willow Creek Pet Center,vca-willow-creek-pet-center,(801) 942-0777,,https://vcahospitals.com,48,,,,2055 E Creek Rd,,Cottonwood Heights,UT,84093,US,40.60278460,-111.83228410,,https://www.yelp.com/biz/vca-willow-creek-pet-center-cottonwood-heights,2024-05-03 18:42:45,2024-05-03 21:40:45
53,,Healthy Pets Mountain West,healthy-pets-mountain-west,(801) 944-7353,,http://www.healthypetsmw.com,49,,,,2242 Fort Union Blvd,Ste A5,Salt Lake City,UT,84121,US,40.62369910,-111.82657690,,https://www.yelp.com/biz/healthy-pets-mountain-west-salt-lake-city-3,2024-05-03 18:42:45,2024-05-03 21:40:47
54,,Layton Veterinary Hospital,layton-veterinary-hospital,(801) 823-2107,,https://www.thrivepetcare.com,50,,,,1538 N Main St.,,Layton,UT,84041,US,41.08227190,-111.99186250,10 to 19,https://www.yelp.com/biz/layton-veterinary-hospital-layton,2024-05-03 18:42:45,2024-05-03 21:40:49
55,,Copper View Animal Hospital,copper-view-animal-hospital,(801) 753-1165,,http://www.copperviewanimalhospital.com,51,,,,13199 S 3600th W,,Riverton,UT,84065,US,40.51129260,-111.97682380,50 to 99,https://www.yelp.com/biz/copper-view-animal-hospital-riverton,2024-05-03 18:42:45,2024-05-03 21:40:51
56,,Bayview Animal Hospital,bayview-animal-hospital,(801) 451-2359,,http://www.bayviewanimalhospital.net,52,,,,677 Shepard Ln,,Farmington,UT,84025,US,41.00025940,-111.90227180,,https://www.yelp.com/biz/bayview-animal-hospital-farmington-3,2024-05-03 18:42:45,2024-05-03 21:40:53
57,,Bayview Boarding,bayview-boarding,(801) 784-5819,,http://www.bayviewanimalhospital.net,53,,,,2215 W Gentile St,,Layton,UT,84041,US,41.05982280,-112.00770980,,https://www.yelp.com/biz/bayview-boarding-layton,2024-05-03 18:42:45,2024-05-03 21:40:55
58,,VetIQ Petcare,vetiq-petcare,(801) 203-4389,,https://vetiqpetcare.com,54,,,,221 W Parrish Ln,,Centerville,UT,84014,US,40.91892330,-111.88331480,,https://www.yelp.com/biz/vetiq-petcare-centerville,2024-05-03 18:42:45,2024-05-03 21:40:56
59,,Heartsong Spay Neuter Clinic,heartsong-spay-neuter-clinic,(801) 614-5252,,http://heartsongspayneuter.com,55,,,,600 S State St,,Clearfield,UT,84015,US,41.10420460,-112.01798000,,https://www.yelp.com/biz/heartsong-spay-neuter-clinic-clearfield,2024-05-03 18:42:45,2024-05-03 21:40:57
60,,West Valley Veterinary Clinic,west-valley-veterinary-clinic,(801) 966-4219,,https://www.westvalleyvetclinic.com,56,,,,3875 West 3500 S,,West Valley City,UT,84120,US,40.69610800,-111.98347300,10 to 19,https://www.yelp.com/biz/west-valley-veterinary-clinic-west-valley-city-2,2024-05-03 18:42:45,2024-05-03 21:40:59
61,,Banfield Pet Hospital,banfield-pet-hospital,(801) 280-6260,,http://www.banfield.com,57,,,,7712 S 5600th W,,West Jordan,UT,84081,US,40.63975610,-112.02456740,,https://www.yelp.com/biz/banfield-pet-hospital-west-jordan,2024-05-03 18:42:45,2024-05-03 21:41:01
62,,Brookside Animal Hospital,brookside-animal-hospital,(801) 255-3545,,,,,,,7220 S 1300th W,,West Jordan,UT,84084,US,40.61945650,-111.92965930,10 to 19,https://www.yelp.com/biz/brookside-animal-hospital-west-jordan,2024-05-03 18:42:45,2024-05-03 18:47:45
63,,Eye Care for Animals,eye-care-for-animals,(801) 942-3937,(208) 346-2542,https://www.eyecareforanimals.com,58,,,,1021 E 3300th S,,Salt Lake City,UT,84106,US,40.70021700,-111.86204330,1 to 4,https://www.yelp.com/biz/eye-care-for-animals-salt-lake-city-2,2024-05-03 18:42:45,2024-05-03 21:41:03
64,,Animal Medical Clinic,animal-medical-clinic,(801) 292-7219,,https://www.thrivepetcare.com,59,,,,215 South 500 W,,Bountiful,UT,84010,US,40.88704100,-111.89172200,20 to 49,https://www.yelp.com/biz/animal-medical-clinic-bountiful-2,2024-05-03 18:42:45,2024-05-03 21:41:04
65,,South Mountain Pet Care,south-mountain-pet-care,(801) 987-3639,,http://southmtnpet.com,60,,,,132 E 13800th S,,Draper,UT,84020,US,40.50047020,-111.88678010,10 to 19,https://www.yelp.com/biz/south-mountain-pet-care-draper-2,2024-05-03 18:42:45,2024-05-03 21:41:06
66,,Draper Animal Hospital,draper-animal-hospital,(801) 553-2104,,http://www.draperanimalhospital.com,61,,,,783 E 12300th S,Ste A,Draper,UT,84020,US,40.52722520,-111.86910850,5 to 9,https://www.yelp.com/biz/draper-animal-hospital-draper,2024-05-03 18:42:45,2024-05-03 21:41:08
67,,VCA Mountain View Animal Hospital,vca-mountain-view-animal-hospital,(801) 523-1176,,https://vcahospitals.com,62,,,,9414 S Indian Ridge Dr,,Sandy,UT,84092,US,40.58013370,-111.85287750,20 to 49,https://www.yelp.com/biz/vca-mountain-view-animal-hospital-sandy,2024-05-03 18:42:45,2024-05-03 21:41:10
68,,DogMode,dogmode,(801) 261-2665,,http://www.dogmode.com,63,,,,4030 S Howick St,,Salt Lake City,UT,84107,US,40.68436820,-111.89762120,,https://www.yelp.com/biz/dogmode-salt-lake-city-5,2024-05-03 18:42:45,2024-05-03 21:41:11
69,,Bountiful Small Animal Hospital,bountiful-small-animal-hospital,(801) 295-0733,,http://www.bountifulanimalhospital.com,64,,,,880 S 500th W,,Woods Cross,UT,84010,US,40.88079840,-111.89290970,10 to 19,https://www.yelp.com/biz/bountiful-small-animal-hospital-woods-cross,2024-05-03 18:42:45,2024-05-03 21:41:14
70,,Lone Peak Veterinary Hospital,lone-peak-veterinary-hospital,(801) 572-5403,(801) 621-0440,http://www.lonepeakvet.com,65,,,,12444 S 300th E,,Draper,UT,84020,US,40.52459870,-111.88263940,1 to 4,https://www.yelp.com/biz/lone-peak-veterinary-hospital-draper-2,2024-05-03 18:42:45,2024-05-03 21:41:15
71,,Schilling Michelle M DVM,schilling-michelle-m-dvm,(801) 943-2154,,,,,,,2364 Fort Union Blvd,,Salt Lake City,UT,84121,US,40.62245790,-111.82311270,,https://www.yelp.com/biz/schilling-michelle-m-dvm-salt-lake-city,2024-05-03 18:42:45,2024-05-03 18:44:36
72,,VCA Amor Animal Hospital,vca-amor-animal-hospital,(801) 561-9595,,https://vcahospitals.com,66,,,,8576 S Redwood Rd,,West Jordan,UT,84088,US,40.59549870,-111.93946450,,https://www.yelp.com/biz/vca-amor-animal-hospital-west-jordan,2024-05-03 18:42:45,2024-05-03 21:41:17
73,,Cottonwood Animal Hospital,cottonwood-animal-hospital,(801) 893-2580,,http://cottonwoodanimalhospital.com,67,,,,6360 S Highland Dr,,Salt Lake City,UT,84121,US,40.63587780,-111.83426960,50 to 99,https://www.yelp.com/biz/cottonwood-animal-hospital-salt-lake-city-4,2024-05-03 18:42:45,2024-05-03 21:41:19
74,,Stone Ridge Veterinary Clinic,stone-ridge-veterinary-clinic,(801) 254-4840,,http://www.stoneridgevetclinic.com,68,,,,1381 W Stone Ridge Ln,,Riverton,UT,84065,US,40.53591390,-111.93107930,20 to 49,https://www.yelp.com/biz/stone-ridge-veterinary-clinic-riverton-2,2024-05-03 18:42:45,2024-05-03 21:41:20
75,,Salt Lake Animal Physical Therapy,salt-lake-animal-physical-therapy,(385) 354-7272,,http://www.saltlakeanimalphysicaltherapy.com,69,,,,2285 S Main St,Ste J,South Salt Lake,UT,84115,US,40.72117260,-111.89062640,,https://www.yelp.com/biz/salt-lake-animal-physical-therapy-south-salt-lake,2024-05-03 18:42:45,2024-05-03 21:41:22
76,,West Lake Animal Hospital,west-lake-animal-hospital,(801) 966-6348,,https://westlakeanimalutah.com,70,,,,3800 W 5400th S,,Taylorsville,UT,84129,US,40.65389170,-111.98235310,10 to 19,https://www.yelp.com/biz/west-lake-animal-hospital-taylorsville,2024-05-03 18:42:45,2024-05-03 21:41:24
77,,Amber Technology,amber-technology,(877) 727-8243,,http://www.ambertech.com,71,,,,1963 Pebble Cir,,Lake Point,UT,84074,US,40.67109260,-112.25928880,,https://www.yelp.com/biz/amber-technology-lake-point,2024-05-03 18:42:45,2024-05-03 21:41:25
78,,Camp Bow Wow South Salt Lake,camp-bow-wow-south-salt-lake,(801) 288-2275,,https://www.campbowwow.com,72,,,,475 W 3600th S,Ste A,Salt Lake City,UT,84115,US,40.69329920,-111.90503490,,https://www.yelp.com/biz/camp-bow-wow-south-salt-lake-salt-lake-city,2024-05-03 18:42:45,2024-05-03 21:41:27
79,,Pinebrook Animal Hospital,pinebrook-animal-hospital,(435) 571-0456,,http://www.pinebrookanimalhospital.com,73,,,,8178 Gorgoza Pines Rd,Ste C,Park City,UT,84098,US,40.74971280,-111.57212250,,https://www.yelp.com/biz/pinebrook-animal-hospital-park-city,2024-05-03 18:42:45,2024-05-03 21:41:29
80,,Quail Pointe Veterinary Hospital,quail-pointe-veterinary-hospital,(801) 825-9191,,http://www.qpvh.com,74,,,,868 N 2000 W,,Clearfield,UT,84015,US,41.12632150,-112.06379860,20 to 49,https://www.yelp.com/biz/quail-pointe-veterinary-hospital-clearfield-4,2024-05-03 18:42:45,2024-05-03 21:41:30
81,,Banfield Pet Hospital,banfield-pet-hospital-2,(801) 463-6488,,http://www.banfield.com,75,,,,389 W 1830th S,,Salt Lake City,UT,84115,US,40.72932270,-111.90222530,10 to 19,https://www.yelp.com/biz/banfield-pet-hospital-salt-lake-city,2024-05-03 18:42:45,2024-05-03 21:41:32
82,,Stansbury Animal Hospital,stansbury-animal-hospital,(435) 843-0341,,http://stansburyanimalhospital.com,76,,,,6422 N Gateway Dr,,Stansbury Park,UT,84074,US,40.64565620,-112.29032790,,https://www.yelp.com/biz/stansbury-animal-hospital-stansbury-park-2,2024-05-03 18:42:45,2024-05-03 21:41:34
83,,Animal Care Center - Airport,animal-care-center-airport,(801) 294-5960,,https://www.thrivepetcare.com,77,,,,1977 W North Temple St,,Salt Lake City,UT,84116,US,40.77109210,-111.94768720,5 to 9,https://www.yelp.com/biz/animal-care-center-airport-salt-lake-city,2024-05-03 18:42:45,2024-05-03 21:41:36
84,,Highland Park Pet Hospital,highland-park-pet-hospital,(385) 243-2273,,http://www.highlandparkpethospital.com,78,,,,2148 S 900th E,,Salt Lake City,UT,84106,US,40.72424160,-111.86581670,5 to 9,https://www.yelp.com/biz/highland-park-pet-hospital-no-title,2024-05-03 18:42:45,2024-05-03 21:41:37
85,,Mountain Vale Clinic - Salt Lake Veterinary Services,mountain-vale-clinic-salt-lake-veterinary-services,(801) 261-3655,,https://www.saltlakevetservices.com,79,,,,1114 W 4800 S,,Salt Lake City,UT,84123,US,40.66493760,-111.92354070,,https://www.yelp.com/biz/mountain-vale-clinic-salt-lake-veterinary-services-salt-lake-city-2,2024-05-03 18:42:45,2024-05-03 21:41:39
86,,Priority Pet Care Veterinary Hospital,priority-pet-care-veterinary-hospital,(801) 341-9707,,https://prioritypetcarevet.wixsite.com,80,,,,1142 W 2700th N,Ste 100,Ogden,UT,84404,US,41.30777650,-112.00865320,,https://www.yelp.com/biz/priority-pet-care-veterinary-hospital-ogden,2024-05-03 18:42:45,2024-05-03 21:41:40
87,,Banfield Pet Hospital,banfield-pet-hospital-3,(801) 967-5448,,http://www.banfield.com,81,,,,1607 W 7000th S,,West Jordan,UT,84084,US,40.62376140,-111.93645590,,https://www.yelp.com/biz/banfield-pet-hospital-west-jordan-2,2024-05-03 18:42:45,2024-05-03 21:41:42
88,,Alta Veterinary Hospital,alta-veterinary-hospital,(801) 566-1234,,http://altavet.org,82,,,,8052 S 700th E,,Sandy,UT,84070,US,40.60500340,-111.87255730,10 to 19,https://www.yelp.com/biz/alta-veterinary-hospital-sandy,2024-05-03 18:42:45,2024-05-03 21:41:45
89,,VetIQ Petcare,vetiq-petcare-2,(801) 449-8036,,https://vetiqpetcare.com,83,,,,13502 Hamilton View Rd,,Riverton,UT,84065,US,40.50509250,-111.97721420,,https://www.yelp.com/biz/vetiq-petcare-riverton,2024-05-03 18:42:45,2024-05-03 21:41:46
90,,Wasatch Exotic Pet Care,wasatch-exotic-pet-care,(801) 943-3367,,http://www.wasatchexotic.com,84,,,,1892 E Fort Union Blvd,,Cottonwood Heights,UT,84121,US,40.62417850,-111.83758110,10 to 19,https://www.yelp.com/biz/wasatch-exotic-pet-care-cottonwood-heights,2024-05-03 18:42:45,2024-05-03 21:41:48
91,,Banfield Pet Hospital,banfield-pet-hospital-4,(801) 565-1263,,http://www.banfield.com,85,,,,12720 S Pony Express Rd,,Draper,UT,84020,US,40.51961870,-111.89210900,10 to 19,https://www.yelp.com/biz/banfield-pet-hospital-draper-2,2024-05-03 18:42:45,2024-05-03 21:41:50
92,,Live Oak Dog Obedience,live-oak-dog-obedience,(801) 891-2681,,http://liveoakdogobedienceutah.com,86,,,,1830 W Rock Hollow Rd,,Bluffdale,UT,84065,US,40.47644990,-111.94195560,,https://www.yelp.com/biz/live-oak-dog-obedience-bluffdale,2024-05-03 18:42:45,2024-05-03 21:41:52
93,,Barton James B Vet,barton-james-b-vet,(801) 487-9981,,,,,,,2206 McClelland St,,Salt Lake City,UT,84106,US,40.72290810,-111.86134300,20 to 49,https://www.yelp.com/biz/barton-james-b-vet-salt-lake-city,2024-05-03 18:42:45,2024-05-03 18:47:45
94,,Desert Raw Holistic Pet,desert-raw-holistic-pet,(385) 999-1330,,http://www.desertraw.com,87,,,,3953 Wasatch Blvd,,Salt Lake City,UT,84124,US,40.68606770,-111.79449640,,https://www.yelp.com/biz/desert-raw-holistic-pet-salt-lake-city,2024-05-03 18:42:45,2024-05-03 21:41:53
95,,Colter Veterinary Hospital Colton,colter-veterinary-hospital-colton,(801) 969-3453,,,,,,,3455 S 3600th W,,Salt Lake City,UT,84119,US,40.69786720,-111.97674840,,https://www.yelp.com/biz/colter-veterinary-hospital-colton-salt-lake-city,2024-05-03 18:42:45,2024-05-03 18:45:24
96,,"Eric D. Belnap, DVM",eric-d-belnap-dvm,(801) 487-9981,,http://www.sugarhousevet.com,88,,,,2206 S McClelland St,,Salt Lake City,UT,84106,US,40.72290810,-111.86134300,20 to 49,https://www.yelp.com/biz/eric-d-belnap-dvm-salt-lake-city,2024-05-03 18:42:45,2024-05-03 21:41:55
97,,MedVet Urgent Care - Sandy,medvet-urgent-care-sandy,(801) 758-7633,,https://www.medvet.com,89,,,,10291 S State St,,Sandy,UT,84070,US,40.56421730,-111.89011780,,https://www.yelp.com/biz/medvet-urgent-care-sandy-sandy,2024-05-03 18:42:45,2024-05-03 21:41:56
98,,Utah Pet Rehab &amp; Acupuncture Center,utah-pet-rehab-amp-acupuncture-center,(435) 640-5451,(435) 752-6441,http://www.utahpetrehab.com,90,,,,2896 E 3300th S,,Salt Lake City,UT,84109,US,40.69961010,-111.81015810,5 to 9,https://www.yelp.com/biz/utah-pet-rehab-and-acupuncture-center-salt-lake-city,2024-05-03 18:42:45,2024-05-03 21:41:58
99,,Banfield Pet Hospital,banfield-pet-hospital-5,(801) 619-7904,,http://www.banfield.com,91,,,,10329 S State St,,Sandy,UT,84070,US,40.56376580,-111.89073350,10 to 19,https://www.yelp.com/biz/banfield-pet-hospital-sandy,2024-05-03 18:42:45,2024-05-03 21:41:59
100,,Fairfield Veterinary Hospital,fairfield-veterinary-hospital,(801) 544-8800,,https://fairfieldvet.com,92,,,,230 N Fairfield Rd,,Layton,UT,84041,US,41.06312410,-111.94595410,10 to 19,https://www.yelp.com/biz/fairfield-veterinary-hospital-layton,2024-05-03 18:42:45,2024-05-03 21:42:00
101,,Osguthorpe Jerry Dr Vet,osguthorpe-jerry-dr-vet,(801) 277-0771,,,,,,,4696 S Highland Dr,,Salt Lake City,UT,84117,US,40.66819350,-111.83966310,,https://www.yelp.com/biz/osguthorpe-jerry-dr-vet-salt-lake-city,2024-05-03 18:42:45,2024-05-03 18:45:36
102,,Tails On Trails,tails-on-trails,(385) 218-0925,,,,,,,76 Blvd Gardens,,Salt Lake City,UT,84115,US,40.73152790,-111.89355530,,https://www.yelp.com/biz/tails-on-trails-salt-lake-city,2024-05-03 18:42:45,2024-05-03 18:45:37
103,,Utah Dog Park - Woods Cross,utah-dog-park-woods-cross,(801) 683-3113,,https://www.thrivepetcare.com,93,,,,596 W 1500th S,,Woods Cross,UT,84087,US,40.87503560,-111.89556470,10 to 19,https://www.yelp.com/biz/utah-dog-park-woods-cross-woods-cross,2024-05-03 18:42:45,2024-05-03 21:42:02
104,,Banfield Pet Hospital,banfield-pet-hospital-6,(801) 840-1858,,http://www.banfield.com,94,,,,3081 S 5600th W,,West Valley City,UT,84120,US,40.70432200,-112.02264600,10 to 19,https://www.yelp.com/biz/banfield-pet-hospital-west-valley-city,2024-05-03 18:42:45,2024-05-03 21:42:03
105,,Foothill Animal Clinic,foothill-animal-clinic,(801) 485-4736,(801) 467-0661,,,,,,2675 Parleys Way,,Salt Lake City,UT,84109,US,40.71975180,-111.81516000,20 to 49,https://www.yelp.com/biz/foothill-animal-clinic-salt-lake-city,2024-05-03 18:42:45,2024-05-03 18:47:45
106,,The Dog Spot Pet Grooming,the-dog-spot-pet-grooming,(801) 540-3384,,http://www.thedogspotut.com,,,,,1501 Foxglove Rd,,Farmington,UT,84025,US,41.00499420,-111.90765150,,https://www.yelp.com/biz/the-dog-spot-pet-grooming-farmington,2024-05-03 18:42:45,2024-05-03 18:45:42
107,,Orchard Animal Clinic,orchard-animal-clinic,(801) 296-1230,,,,,,,778 N 1250th W,,Centerville,UT,84014,US,40.92572060,-111.89723250,,https://www.yelp.com/biz/orchard-animal-clinic-centerville,2024-05-03 18:42:45,2024-05-03 18:45:43
108,,VCA Oquirrh Hills Animal Hospital,vca-oquirrh-hills-animal-hospital,(801) 446-5194,,https://vcahospitals.com,95,,,,5714 W 13400th S,,Herriman,UT,84096,US,40.50818870,-112.02719040,10 to 19,https://www.yelp.com/biz/vca-oquirrh-hills-animal-hospital-herriman,2024-05-03 18:42:45,2024-05-03 21:42:05
109,,Stone Ridge Veterinarian Clinic,stone-ridge-veterinarian-clinic,(801) 254-4840,,,,,,,1381 Stone Ridge Dr,,Riverton,UT,84065,US,40.53591390,-111.93107930,20 to 49,https://www.yelp.com/biz/stone-ridge-veterinarian-clinic-riverton,2024-05-03 18:42:45,2024-05-03 18:47:45
110,,Dermatology for Animals - Salt Lake City,dermatology-for-animals-salt-lake-city,(385) 722-2750,(208) 346-2542,https://www.thrivepetcare.com,96,,,,1021 East 3300 South,,Salt Lake City,UT,84106,US,40.70021700,-111.86204330,1 to 4,https://www.yelp.com/biz/dermatology-for-animals-salt-lake-city-salt-lake-city,2024-05-03 18:42:45,2024-05-03 21:42:07
111,,VetIQ Petcare,vetiq-petcare-3,(801) 252-4291,,https://vetiqpetcare.com,97,,,,9151 S Quarry Bend Dr,,Sandy,UT,84094,US,40.58545390,-111.85946690,,https://www.yelp.com/biz/vetiq-petcare-sandy,2024-05-03 18:42:45,2024-05-03 21:42:08
112,,Doggie In The Window,doggie-in-the-window,(801) 466-4602,,https://www.doggieinthewindowslc.com,98,,,,1321 E 3300th S,Ste 1,Salt Lake City,UT,84106,US,40.70057160,-111.85323330,,https://www.yelp.com/biz/doggie-in-the-window-salt-lake-city-2,2024-05-03 18:42:45,2024-05-03 21:42:09
113,,Intermountain Veterinary Clinic,intermountain-veterinary-clinic,(801) 254-3661,,,,,,,10210 S Redwood Rd,,South Jordan,UT,84095,US,40.56573260,-111.93923090,,https://www.yelp.com/biz/intermountain-veterinary-clinic-south-jordan,2024-05-03 18:42:45,2024-05-03 18:45:52
114,,DogWatch Hidden Fence of Utah,dogwatch-hidden-fence-of-utah,(435) 657-2883,,http://www.dogwatchofutah.com,99,,,,2096 S Mill Rd,,Heber City,UT,84032,US,40.48179680,-111.39575260,,https://www.yelp.com/biz/dogwatch-hidden-fence-of-utah-heber-city,2024-05-03 18:42:45,2024-05-03 21:42:11
115,,VCA Mountain View Animal Hospital,vca-mountain-view-animal-hospital-2,(801) 363-3518,,,,,,,70 S State St,,Salt Lake City,UT,84111,US,40.76772550,-111.88892660,,https://www.yelp.com/biz/vca-mountain-view-animal-hospital-salt-lake-city,2024-05-03 18:42:45,2024-05-03 18:45:55
116,,Hosken J Britt DVM,hosken-j-britt-dvm,(801) 485-6060,,,,,,,3243 E 3300th S,,Salt Lake City,UT,84109,US,40.70060950,-111.80357310,,https://www.yelp.com/biz/hosken-j-britt-dvm-salt-lake-city,2024-05-03 18:42:45,2024-05-03 18:45:55
117,,Brookside Animal Hospital,brookside-animal-hospital-2,(801) 399-5897,,http://www.brooksidepets.com,100,,,,690 Wall Ave,,Ogden,UT,84404,US,41.25212900,-111.97742360,20 to 49,https://www.yelp.com/biz/brookside-animal-hospital-ogden,2024-05-03 18:42:45,2024-05-03 21:42:12
118,,VCA Jordan River Animal Hospital,vca-jordan-river-animal-hospital,(801) 561-8872,,https://vcahospitals.com,101,,,,1519 W 9000th S,,West Jordan,UT,84088,US,40.58741360,-111.93441010,10 to 19,https://www.yelp.com/biz/vca-jordan-river-animal-hospital-west-jordan,2024-05-03 18:42:45,2024-05-03 21:42:13
119,,Orme Gilbert E Vet,orme-gilbert-e-vet,(801) 487-9981,,,,,,,2206 McClelland St,,Salt Lake City,UT,84106,US,40.72290810,-111.86134300,20 to 49,https://www.yelp.com/biz/orme-gilbert-e-vet-salt-lake-city,2024-05-03 18:42:45,2024-05-03 18:47:45
120,,Danies Clyde DVM,danies-clyde-dvm,(801) 262-6414,(385) 400-4740,,,,,,160 E 4800th S,,Salt Lake City,UT,84107,US,40.66680560,-111.88653640,,https://www.yelp.com/biz/danies-clyde-dvm-salt-lake-city,2024-05-03 18:42:45,2024-05-03 18:47:45
121,,Veterinary Orthopedic Services,veterinary-orthopedic-services,(801) 277-8777,,,,,,,,,Salt Lake City,UT,84109,US,40.76077930,-111.89104740,,https://www.yelp.com/biz/veterinary-orthopedic-services-salt-lake-city,2024-05-03 18:42:45,2024-05-03 18:46:01
122,,Liljenquist Joseph C DVM,liljenquist-joseph-c-dvm,(801) 292-7219,,,,,,,215 S 500th W,,Bountiful,UT,84010,US,40.88704100,-111.89172200,20 to 49,https://www.yelp.com/biz/liljenquist-joseph-c-dvm-bountiful,2024-05-03 18:42:45,2024-05-03 18:47:45
123,,Affordable Pet Care,affordable-pet-care,(801) 269-1213,,,,,,,5608 S Redwood Rd,,Salt Lake City,UT,84123,US,40.64897880,-111.94268560,,https://www.yelp.com/biz/affordable-pet-care-salt-lake-city,2024-05-03 18:42:45,2024-05-03 18:46:02
124,,Canyon View Cares,canyon-view-cares,(801) 547-1111,,https://canyonviewcares.com,102,,,,1014 W Gentile St,,Layton,UT,84041,US,41.06075000,-111.98513220,,https://www.yelp.com/biz/canyon-view-cares-layton-2,2024-05-03 18:42:45,2024-05-03 21:42:15
125,,Homeward Bound End of Life Veterinary Care,homeward-bound-end-of-life-veterinary-care,(385) 831-1583,,https://homewardboundutahvet.square.site,103,,,,,,Sandy,UT,84094,US,,,,https://www.yelp.com/biz/homeward-bound-end-of-life-veterinary-care-sandy,2024-05-03 18:42:45,2024-05-03 21:42:17
126,,Lott Marion K DVM,lott-marion-k-dvm,(801) 829-3632,,,,,,,395 N 400th E,,Morgan,UT,84050,US,41.04714700,-111.67918360,5 to 9,https://www.yelp.com/biz/lott-marion-k-dvm-morgan,2024-05-03 18:42:45,2024-05-03 18:47:45
127,,Brown Katherine R DVM,brown-katherine-r-dvm,(801) 943-2154,,,,,,,2364 Fort Union Blvd,,Salt Lake City,UT,84121,US,40.62245790,-111.82311270,,https://www.yelp.com/biz/brown-katherine-r-dvm-salt-lake-city,2024-05-03 18:42:45,2024-05-03 18:46:06
128,,Kayscreek Veterinary Clinic,kayscreek-veterinary-clinic,(801) 544-3552,(801) 497-0977,,,,,,1010 S Angel St,,Layton,UT,84041,US,41.04575850,-111.98826450,,https://www.yelp.com/biz/kayscreek-veterinary-clinic-layton,2024-05-03 18:42:45,2024-05-03 18:47:45
129,,White Pine Veterinary Hospital,white-pine-veterinary-hospital,(435) 649-7182,,https://whitepinevet.com,104,,,,2100 Rasmussen Rd,,Park City,UT,84098,US,40.73471650,-111.55165110,20 to 49,https://www.yelp.com/biz/white-pine-veterinary-hospital-park-city,2024-05-03 18:42:45,2024-05-03 21:42:19
130,,Veterinary Surgical Specialists,veterinary-surgical-specialists,(801) 942-9526,,,,,,,1892 Fort Union Blvd,,Salt Lake City,UT,84121,US,40.62417870,-111.83761380,,https://www.yelp.com/biz/veterinary-surgical-specialists-salt-lake-city,2024-05-03 18:42:45,2024-05-03 18:46:09
131,,Gowans Gary R DVM,gowans-gary-r-dvm,(435) 882-4100,(435) 830-2975,,,,,,254 S Main St,,Tooele,UT,84074,US,40.52555560,-112.29915280,20 to 49,https://www.yelp.com/biz/gowans-gary-r-dvm-tooele,2024-05-03 18:42:45,2024-05-03 18:47:45
132,,Utah Veterinary Specialists,utah-veterinary-specialists,(801) 942-3937,(208) 346-2542,http://www.vetspecialtycenter.net,105,,,,1021 E 3300th S,,Salt Lake City,UT,84106,US,40.70021700,-111.86204330,1 to 4,https://www.yelp.com/biz/utah-veterinary-specialists-salt-lake-city,2024-05-03 18:42:45,2024-05-03 21:42:20
133,,Domann Katherine DVM,domann-katherine-dvm,(801) 943-2154,,,,,,,2364 Fort Union Blvd,,Salt Lake City,UT,84121,US,40.62245790,-111.82311270,,https://www.yelp.com/biz/domann-katherine-dvm-salt-lake-city,2024-05-03 18:42:45,2024-05-03 18:46:11
134,,R Sharp Acres Horse Boarding and Riding Equestrian Heaven,r-sharp-acres-horse-boarding-and-riding-equestrian-heaven,(801) 250-4661,,http://rsharpacres.business.site,106,,,,1502 Canyon Rd,,Lake Point,UT,84074,US,40.66692490,-112.26869600,,https://www.yelp.com/biz/r-sharp-acres-horse-boarding-and-riding-equestrian-heaven-lake-point,2024-05-03 18:42:45,2024-05-03 21:42:21
135,,My Doodle Crush,my-doodle-crush,(949) 310-5270,,http://www.mydoodlecrush.com,107,,,,,,West Valley City,UT,84081,US,,,,https://www.yelp.com/biz/my-doodle-crush-west-valley-city,2024-05-03 18:42:45,2024-05-03 21:42:23
136,,Banfield Pet Hospital,banfield-pet-hospital-7,(801) 547-5090,,http://www.banfield.com,108,,,,750 N Main St,,Layton,UT,84041,US,41.07221950,-111.97656210,20 to 49,https://www.yelp.com/biz/banfield-pet-hospital-layton,2024-05-03 18:42:45,2024-05-03 21:42:24
137,,PetSmart,petsmart,(801) 466-0313,(801) 463-6488,https://www.petsmart.com,109,,,,389 W 1830 S,,Salt Lake City,UT,84115,US,40.72932270,-111.90222530,10 to 19,https://www.yelp.com/biz/petsmart-salt-lake-city,2024-05-03 18:42:45,2024-05-03 21:42:25
138,,Jeff Monroe Veterinary Options,jeff-monroe-veterinary-options,(801) 424-0748,,,,,,,,,Salt Lake City,UT,84117,US,,,,https://www.yelp.com/biz/jeff-monroe-veterinary-options-salt-lake-city,2024-05-03 18:42:45,2024-05-03 18:47:45
139,,Countryside Animal Clinic,countryside-animal-clinic,(435) 882-4100,(435) 830-2975,http://countrysideanimalclinictooele.com,110,,,,254 S Main St,,Tooele,UT,84074,US,40.52555560,-112.29915280,20 to 49,https://www.yelp.com/biz/countryside-animal-clinic-tooele,2024-05-03 18:42:45,2024-05-03 21:42:27
140,,Roberts Brent W DVM,roberts-brent-w-dvm,(801) 966-5356,,,,,,,3800 W 5400th S,,Salt Lake City,UT,84118,US,40.65389170,-111.98235310,10 to 19,https://www.yelp.com/biz/roberts-brent-w-dvm-salt-lake-city,2024-05-03 18:42:45,2024-05-03 18:47:45
141,,Cannon R Clay Veterinarian,cannon-r-clay-veterinarian,(801) 254-4840,,,,,,,1381 Stone Ridge Dr,,Riverton,UT,84065,US,40.53591390,-111.93107930,20 to 49,https://www.yelp.com/biz/cannon-r-clay-veterinarian-riverton,2024-05-03 18:42:45,2024-05-03 18:47:45
142,,Sharp Roddy C Vet,sharp-roddy-c-vet,(801) 486-0123,,,,,,,1221 E 3300th S,,Salt Lake City,UT,84106,US,40.70028950,-111.85676900,,https://www.yelp.com/biz/sharp-roddy-c-vet-salt-lake-city,2024-05-03 18:42:45,2024-05-03 18:46:23
143,,Barrett Paul M DVM,barrett-paul-m-dvm,(801) 942-3937,(208) 346-2542,,,,,,1021 E 3300th S,,Salt Lake City,UT,84106,US,40.70021700,-111.86204330,1 to 4,https://www.yelp.com/biz/barrett-paul-m-dvm-salt-lake-city,2024-05-03 18:42:45,2024-05-03 18:47:45
144,,Wilde Scott C,wilde-scott-c,(801) 266-1701,,,,,,,1114 W 4800th S,,Salt Lake City,UT,84123,US,40.66493760,-111.92354070,,https://www.yelp.com/biz/wilde-scott-c-salt-lake-city,2024-05-03 18:42:45,2024-05-03 18:46:24
145,,Lewis Thomas P DVM,lewis-thomas-p-dvm,(801) 942-3937,(208) 346-2542,,,,,,1021 E 3300th S,,Salt Lake City,UT,84106,US,40.70021700,-111.86204330,1 to 4,https://www.yelp.com/biz/lewis-thomas-p-dvm-salt-lake-city,2024-05-03 18:42:45,2024-05-03 18:47:45
146,,Whitby J Allan Veterinarian,whitby-j-allan-veterinarian,(801) 544-8800,,,,,,,230 N Fairfield Rd,,Layton,UT,84041,US,41.06312410,-111.94595410,10 to 19,https://www.yelp.com/biz/whitby-j-allan-veterinarian-layton,2024-05-03 18:42:45,2024-05-03 18:47:45
147,,Whiteley John W Vet,whiteley-john-w-vet,(801) 566-1234,,,,,,,8052 S 700th E,,Sandy,UT,84070,US,40.60500340,-111.87255730,10 to 19,https://www.yelp.com/biz/whiteley-john-w-vet-sandy,2024-05-03 18:42:45,2024-05-03 18:47:45
148,,PetSmart,petsmart-2,(801) 840-2236,,https://www.petsmart.com,111,,,,5748 S Redwood Rd,,Taylorsville,UT,84123,US,40.64711880,-111.94246800,,https://www.yelp.com/biz/petsmart-taylorsville,2024-05-03 18:42:45,2024-05-03 21:42:29
149,,Barton Clayton DVM,barton-clayton-dvm,(801) 254-2333,,,,,,,1791 W 11400th S,,South Jordan,UT,84095,US,40.54303700,-111.94093090,50 to 99,https://www.yelp.com/biz/barton-clayton-dvm-south-jordan,2024-05-03 18:42:45,2024-05-03 18:47:45
150,,Robinson Michelle DVM,robinson-michelle-dvm,(801) 943-2154,,,,,,,2364 Fort Union Blvd,,Salt Lake City,UT,84121,US,40.62245790,-111.82311270,,https://www.yelp.com/biz/robinson-michelle-dvm-salt-lake-city,2024-05-03 18:42:45,2024-05-03 18:46:27
151,,Petco,petco,(801) 352-1510,,https://stores.petco.com,112,,,,1090 E Fort Union Blvd,,Midvale,UT,84047,US,40.62275800,-111.86116120,,https://www.yelp.com/biz/petco-midvale,2024-05-03 18:42:45,2024-05-03 21:42:30
152,,MacLaren Nicole E DVM,maclaren-nicole-e-dvm,(801) 942-3937,(208) 346-2542,,,,,,1021 E 3300th S,,Salt Lake City,UT,84106,US,40.70021700,-111.86204330,1 to 4,https://www.yelp.com/biz/maclaren-nicole-e-dvm-salt-lake-city,2024-05-03 18:42:45,2024-05-03 18:47:45
153,,Mountain Point Equine Hospital,mountain-point-equine-hospital,(801) 446-3046,,,,,,,3103 W 14865th S,,Bluffdale,UT,84065,US,40.48091830,-111.96550020,,https://www.yelp.com/biz/mountain-point-equine-hospital-bluffdale,2024-05-03 18:42:45,2024-05-03 18:46:29
154,,Orchard Animal Clinic,orchard-animal-clinic-2,(801) 886-1770,,http://orchardanimaloutreach.org,113,,,,1959 S 4130th W,Ste k,Salt Lake City,UT,84104,US,40.72897450,-111.98885830,,https://www.yelp.com/biz/orchard-animal-clinic-salt-lake-city,2024-05-03 18:42:45,2024-05-03 21:42:32
155,,A Visiting Veterinarian,a-visiting-veterinarian,(801) 942-0868,,,,,,,8501 Top Of The World Dr,,Salt Lake City,UT,84121,US,40.59683440,-111.79171890,,https://www.yelp.com/biz/a-visiting-veterinarian-salt-lake-city,2024-05-03 18:42:45,2024-05-03 18:46:31
156,,Layton Vet Clinic,layton-vet-clinic,(801) 896-8381,,,,,,,733 King St,,Layton,UT,84041,US,41.07068520,-111.97863160,,https://www.yelp.com/biz/layton-vet-clinic-layton,2024-05-03 18:42:45,2024-05-03 18:46:31
157,,Ma &amp; Paws Bakery - Millcreek,ma-amp-paws-bakery-millcreek,(801) 487-3838,,http://www.maandpawsbakeryinc.com,114,,,,1227 E 3300th S,,Salt Lake City,UT,84106,US,40.70040780,-111.85652960,,https://www.yelp.com/biz/ma-and-paws-bakery-millcreek-salt-lake-city,2024-05-03 18:42:45,2024-05-03 21:42:33
158,,Union Park Veterinary Hospital,union-park-veterinary-hospital,(385) 414-2188,,http://www.unionparkvethospital.com,115,,,,6757 S 1300th E,,Cottonwood Heights,UT,84121,US,40.62850190,-111.85439210,10 to 19,https://www.yelp.com/biz/union-park-veterinary-hospital-cottonwood-heights-2,2024-05-03 18:42:45,2024-05-03 21:42:35
159,,Renda Donald V DVM,renda-donald-v-dvm,(801) 566-2410,,,,,,,9347 S 700th E,,Sandy,UT,84070,US,40.58162530,-111.87181190,,https://www.yelp.com/biz/renda-donald-v-dvm-sandy,2024-05-03 18:42:45,2024-05-03 18:46:36
160,,South East Valley Vet,south-east-valley-vet,(801) 571-8050,,,,,,,10572 S 700th E,,Sandy,UT,84070,US,40.55947930,-111.87264850,,https://www.yelp.com/biz/south-east-valley-vet-sandy,2024-05-03 18:42:45,2024-05-03 18:46:36
161,,Kodel Roger A Vet,kodel-roger-a-vet,(801) 486-0123,,,,,,,1221 E 3300th S,,Salt Lake City,UT,84106,US,40.70028950,-111.85676900,,https://www.yelp.com/biz/kodel-roger-a-vet-salt-lake-city,2024-05-03 18:42:45,2024-05-03 18:46:37
162,,Bountiful Groom Room,bountiful-groom-room,(801) 295-9841,(801) 295-0733,,,,,,880 S 500th W,,Woods Cross,UT,84010,US,40.88079840,-111.89290970,10 to 19,https://www.yelp.com/biz/bountiful-groom-room-woods-cross,2024-05-03 18:42:45,2024-05-03 18:47:45
163,,Morgan Paul W DVM,morgan-paul-w-dvm,(801) 942-9526,,,,,,,1892 Fort Union Blvd,,Salt Lake City,UT,84121,US,40.62417870,-111.83761380,,https://www.yelp.com/biz/morgan-paul-w-dvm-salt-lake-city,2024-05-03 18:42:45,2024-05-03 18:46:37
164,,Vaas David DVM,vaas-david-dvm,(801) 446-5194,,,,,,,5714 W 13400th S,,Riverton,UT,84096,US,40.50818870,-112.02719040,10 to 19,https://www.yelp.com/biz/vaas-david-dvm-riverton,2024-05-03 18:42:45,2024-05-03 18:47:45
165,,Campbell G Richard DVM,campbell-g-richard-dvm,(801) 453-6680,,,,,,,2055 Creek Rd,,Sandy,UT,84093,US,40.60324690,-111.83214260,50 to 99,https://www.yelp.com/biz/campbell-g-richard-dvm-sandy,2024-05-03 18:42:45,2024-05-03 18:47:45
166,,Bird &amp; Exotic Pet Hospital,bird-amp-exotic-pet-hospital,(801) 565-1263,,,,,,,1050 Fort Union Blvd,,Midvale,UT,84047,US,40.62163230,-111.86189100,,https://www.yelp.com/biz/bird-and-exotic-pet-hospital-midvale,2024-05-03 18:42:45,2024-05-03 18:46:39
167,,Heaton Charlie DVM,heaton-charlie-dvm,(801) 254-2333,,,,,,,1791 W 11400th S,,South Jordan,UT,84095,US,40.54303700,-111.94093090,50 to 99,https://www.yelp.com/biz/heaton-charlie-dvm-south-jordan,2024-05-03 18:42:45,2024-05-03 18:47:45
168,,Simper Wade DVM,simper-wade-dvm,(801) 254-2333,,,,,,,1791 W 11400th S,,South Jordan,UT,84095,US,40.54303700,-111.94093090,50 to 99,https://www.yelp.com/biz/simper-wade-dvm-south-jordan,2024-05-03 18:42:45,2024-05-03 18:47:45
169,,"Chris Moore, DVM",chris-moore-dvm,(801) 553-2104,,,,,,,783 E 12300th S,,Draper,UT,84020,US,40.52722520,-111.86910850,5 to 9,https://www.yelp.com/biz/chris-moore-dvm-draper,2024-05-03 18:42:45,2024-05-03 18:47:45
170,,VetMed Consultants,vetmed-consultants,(801) 889-0919,(801) 310-5825,https://www.vetmedutah.com,116,,,,6221 Highland Dr,,Holladay,UT,84121,US,40.63803570,-111.83347080,5 to 9,https://www.yelp.com/biz/vetmed-consultants-holladay,2024-05-03 18:42:45,2024-05-03 21:42:37
171,,Paragon Equine,paragon-equine,(801) 645-0328,,,,,,,,,Salt Lake City,UT,84065,US,40.76077930,-111.89104740,,https://www.yelp.com/biz/paragon-equine-salt-lake-city,2024-05-03 18:42:45,2024-05-03 18:46:42
172,,Blotter Michael S DVM,blotter-michael-s-dvm,(801) 532-1100,,,,,,,855 Beck St,,Salt Lake City,UT,84103,US,40.78798790,-111.90042690,5 to 9,https://www.yelp.com/biz/blotter-michael-s-dvm-salt-lake-city,2024-05-03 18:42:45,2024-05-03 18:47:45
173,,Southhills Equine Veterinary Services,southhills-equine-veterinary-services,(801) 446-4251,,,,,,,3103 W 14865th S,,Bluffdale,UT,84065,US,40.48091830,-111.96550020,,https://www.yelp.com/biz/southhills-equine-veterinary-services-bluffdale,2024-05-03 18:42:45,2024-05-03 18:46:42
174,,Myrick Robert DVM,myrick-robert-dvm,(801) 446-5194,,http://www.oquirrhhillsvet.com,117,,,,5714 W 13400th S,,Riverton,UT,84096,US,40.50818870,-112.02719040,10 to 19,https://www.yelp.com/biz/myrick-robert-dvm-riverton,2024-05-03 18:42:45,2024-05-03 21:42:39
175,,Moore Christopher DVM,moore-christopher-dvm,(801) 553-2104,,,,,,,783 E 12300th S,Ste A,Draper,UT,84020,US,40.52722520,-111.86910850,5 to 9,https://www.yelp.com/biz/moore-christopher-dvm-draper,2024-05-03 18:42:45,2024-05-03 18:47:45
176,,Smith Dale DVM,smith-dale-dvm,(801) 277-8777,,,,,,,PO Box 9697,,Salt Lake City,UT,84109,US,40.76077930,-111.89104740,,https://www.yelp.com/biz/smith-dale-dvm-salt-lake-city,2024-05-03 18:42:45,2024-05-03 18:46:44
177,,Boam Wayne Vet,boam-wayne-vet,(801) 487-9981,,,,,,,2206 McClelland St,,Salt Lake City,UT,84106,US,40.72290810,-111.86134300,20 to 49,https://www.yelp.com/biz/boam-wayne-vet-salt-lake-city,2024-05-03 18:42:45,2024-05-03 18:47:45
178,,Allen Drew DVM,allen-drew-dvm,(801) 486-0123,,,,,,,1213 E 3300th S,,Salt Lake City,UT,84106,US,40.70017520,-111.85709140,10 to 19,https://www.yelp.com/biz/allen-drew-dvm-salt-lake-city,2024-05-03 18:42:45,2024-05-03 18:47:45
179,,Hill David T DVM,hill-david-t-dvm,(801) 544-3552,(801) 497-0977,,,,,,1010 S Angel St,,Layton,UT,84041,US,41.04575850,-111.98826450,,https://www.yelp.com/biz/hill-david-t-dvm-layton,2024-05-03 18:42:45,2024-05-03 18:47:45
180,,K9 Design Pet Grooming,k9-design-pet-grooming,(801) 446-7996,,http://www.k9designpetgrooming.com,118,,,,1369 West 12600 S,,Riverton,UT,84065,US,40.52198240,-111.93054210,,https://www.yelp.com/biz/k9-design-pet-grooming-riverton-2,2024-05-03 18:42:45,2024-05-03 21:42:41
181,,Banfield Pet Hospital,banfield-pet-hospital-8,(385) 425-4794,(801) 967-5448,https://www.banfield.com,119,,,,7654 Campus View Dr,,West Jordan,UT,84084,US,40.61228980,-111.98215130,10 to 19,https://www.yelp.com/biz/banfield-pet-hospital-west-jordan-3,2024-05-03 18:42:45,2024-05-03 21:42:42
182,,Granite veterinary specialists,granite-veterinary-specialists,(435) 485-9663,,https://granitevetspecialists.com,120,,,,7054 S 2300th E,,Cottonwood Heights,UT,84121,US,40.62302120,-111.82524350,,https://www.yelp.com/biz/granite-veterinary-specialists-cottonwood-heights,2024-05-03 18:42:45,2024-05-03 21:42:43
183,,Mountain Edge Veterinary Technology,mountain-edge-veterinary-technology,(801) 897-5728,,http://mountainedgeveterinarytechnology.com,121,,,,8819 S Redwood Rd,,Salt Lake City,UT,84088,US,40.59109220,-111.93750750,,https://www.yelp.com/biz/mountain-edge-veterinary-technology-salt-lake-city,2024-05-03 18:42:45,2024-05-03 21:42:45
184,,Sieverts John DVM,sieverts-john-dvm,(801) 254-2333,,,,,,,1791 W 11400th S,,South Jordan,UT,84095,US,40.54303700,-111.94093090,50 to 99,https://www.yelp.com/biz/sieverts-john-dvm-south-jordan,2024-05-03 18:42:45,2024-05-03 18:47:45